,elizabeth,DIRECTIVOS ,GERENTES ,CORDIANDORES DE C1Y2,CORDINADORES DE MJ,ENTRENADORES,QUANTUM TEAM,CAPITANES,ALIADOS,MANAGERS
⏰ Horarios y Vestimenta,x,x,x,x,x,-,-,-,-,-
💼 Causa OS Gerencial,-,-,x,x,x,-,-,-,-,-
📈 Portafolio PMO,-,x,x,-,-,-,-,-,-,-
🎯 OKRs (Cascade),-,-,-,-,-,-,-,-,-,-
📉 Auditoría KPIs,-,x,LOS DE SU SEDE,LOS SUYOS,LOS SUYOS,-,-,-,-,-
📊 Mis KPIs,-,X,LOS DE SU SEDE,LOS SUYOS,LOS SUYOS,-,-,-,-,-
📘 Manual QT,-,-,X,X,X,-,X,-,-,-
📗 Manual Nodus,X,X,X,X,X,-,-,-,-,-
⚡ Directorio QT,-,X,LOS DE SU SEDE,LOS DE SU SEDE,LOS DE SEDE,-,LOS DE SU SEDE,-,-,-
🌐 Centro de Mando,-,-,-,-,-,-,-,-,-,-
🏦 Dir. Financiera,X,X,-,-,-,-,-,-,-,-
💸 Finanzas,X,X,-,-,-,-,-,-,-,-
🌐 Maestría (Andrés),-,X,-,-,-,-,-,-,-,-
🏢 Talento Humano,X,X,-,-,-,-,-,-,-,-
⚖️ Torre Legal,-,X,-,-,-,-,-,-,-,-
⚡ Hub QT,-,-,-,-,-,-,-,-,-,-
📞 CRM Llamadas,-,-,-,-,-,-,-,-,-,-
🎓 Hub Entrenador,-,-,-,-,-,-,-,-,-,-
⚖️ Auditoría Legal,-,-,-,-,-,-,-,-,-,-
📅 Calendario Global,-,X,X,-,-,-,-,-,-,-
🎓 Campus Interactivo,X,X,X,X,X,X,X,X,-,-
👑 Centro Managers,X,X,LOS DE SU SEDE,-,LOS DE SEDE,LOS SUYOS,-,-,-,-
BASE MAESTRA CRM,-,X,X,-,-,-,-,-,-,-
📅 Calendario MJ,-,-,-,-,X,-,-,-,-,-
🎨 Flyers C1 Globales,-,-,X,X,X,-,-,-,-,-
Hoteles Sede,-,-,X,-,-,-,-,-,-,-
Asignar Meta,-,X,X,-,-,-,-,-,-,-
👥 Directorio de Equipo,X,X,SOLO LOS DE SU SEDE,SOLO LOS DE SU SEDE,SOLO LOS DE SU SEDE,-,-,-,-,-
Sistema de Cartas,-,-,X,X,X,-,-,-,-,-
copilot ,X,X,-,-,-,-,-,-,-,-
EVENTOS Y ENTRENAMIENTOS,X,X,X,SOLO LOS DE SU SEDE,SOLO LOS DE SU SEDE,SOLO LOS SUYOS,SOLO LOS C1 DE SU SEDE,-,-,-
BOTON DE COMUNICACION EFECTIVO,-,-,-,-,-,-,-,-,-,-
🎨 Flyers C1 Globales,-,-,X,X,X,-,-,-,-,-
🗓️ Agenda y Time Boxing,-,X,SOLO LOS DE SU SEDE,SOLO LOS SUYOS,SOLO LOSSUYOS,-,-,-,-,-
✈️ Monitor de Vuelos,-,X,X,-,-,-,-,-,-,-
🦅 Monitor de IMOs,-,-,SOLO LOS DE SU SEDE,SOLO LOS DE SU SEDE,SOLO LOS DE SU SEDE,-,-,-,-,-